,Male,Female
0.05,0.0,0.031578947368421054
0.04,0.0,0.06315789473684211
0.03,0.010416666666666666,0.1368421052631579
0.02,0.052083333333333336,0.17894736842105263
0.01,0.13402061855670103,0.27631578947368424
,,
Original,0,0.03157894737
,,
Differences,,
0.05,0,0
0.04,0,0.03157894737
0.03,0.01041666667,0.1052631579
0.02,0.05208333333,0.1473684211
0.01,0.1340206186,0.2447368421