,Male,Female
5,0.0,0.05263157894736842
10,0.041666666666666664,0.12631578947368421
15,0.08333333333333333,0.1595744680851064
20,0.14583333333333334,0.2127659574468085
25,0.1875,0.3010752688172043
,,
Original,0,0.03157894737
,,
Differences,,
5,0,0.02105263158
10,0.04166666667,0.09473684211
15,0.08333333333,0.1279955207
20,0.1458333333,0.1811870101
25,0.1875,0.2694963214