,Male,Female
10,0.052083333333333336,0.1368421052631579
8,0.09278350515463918,0.11702127659574468
6,0.07291666666666667,0.2127659574468085
4,0.10526315789473684,0.17045454545454544
2,0.10752688172043011,0.28888888888888886
,,
Original,0,0.03157894737
,,
Differences,,
10,0.05208333333,0.1052631579
8,0.09278350515,0.08544232923
6,0.07291666667,0.1811870101
4,0.1052631579,0.1388755981
2,0.1075268817,0.2573099415