,Male,Female
10,0.020833333333333332,0.07368421052631578
20,0.020833333333333332,0.10526315789473684
30,0.0,0.07368421052631578
40,0.07446808510638298,0.14583333333333334
50,0.11458333333333333,0.16842105263157894
,,
Original,0,0.03157894737
,,
Differences,,
10,0.02083333333,0.04210526316
20,0.02083333333,0.07368421053
30,0,0.04210526316
40,0.07446808511,0.114254386
50,0.1145833333,0.1368421053