,Midlands,Nigeria
10,0.16279069767441862,0.42857142857142855
20,0.09302325581395349,0.4523809523809524
30,0.3111111111111111,0.3902439024390244
40,0.32558139534883723,0.3953488372093023
50,0.5,0.3902439024390244
,,
Original,0.1818181818,0.2682926829
,,
Differences,,
10,-0.01902748414,0.1602787456
20,-0.088794926,0.1840882695
30,0.1292929293,0.1219512195
40,0.1437632135,0.1270561543
50,0.3181818182,0.1219512195