,Midlands,Nigeria
0.05,0.47368421052631576,0.3902439024390244
0.04,0.5263157894736842,0.425
0.03,0.5526315789473685,0.5116279069767442
0.02,0.6666666666666666,0.38461538461538464
0.01,0.7142857142857143,0.8214285714285714
,,
Original,0.1818181818,0.2682926829
,,
Differences,,
0.05,0.2918660287,0.1219512195
0.04,0.3444976077,0.1567073171
0.03,0.3708133971,0.243335224
0.02,0.4848484848,0.1163227017
0.01,0.5324675325,0.5531358885