,Midlands,Nigeria
900,0.35714285714285715,0.775
800,0.47619047619047616,0.8421052631578947
700,0.6428571428571429,0.9230769230769231
600,0.7804878048780488,0.9487179487179487
500,0.9285714285714286,0.9230769230769231
,,
Original,0.1818181818,0.2682926829
,,
Differences,,
900,0.1753246753,0.5067073171
800,0.2943722944,0.5738125802
700,0.461038961,0.6547842402
600,0.5986696231,0.6804252658
500,0.7467532468,0.6547842402