,Midlands,NIgeria
0.9,0.06976744186046512,0.35714285714285715
0.8,0.16279069767441862,0.4418604651162791
0.7,0.6363636363636364,0.6585365853658537
0.6,0.92,0.896551724137931
0.5,1.0,1.0
,,
Original,0.1818181818,0.2682926829
,,
Differences,,
0.9,-0.11205074,0.08885017422
0.8,-0.01902748414,0.1735677822
0.7,0.4545454545,0.3902439024
0.6,0.7381818182,0.6282590412
0.5,0.8181818182,0.7317073171