,Midlands,NIgeria
5,0.046511627906976744,0.2926829268292683
10,0.3181818181818182,0.3902439024390244
15,0.32558139534883723,0.3333333333333333
20,0.3023255813953488,0.4883720930232558
25,0.2857142857142857,0.5384615384615384
,,
Original,0.1818181818,0.2682926829
,,
Differences,,
5,-0.1353065539,0.0243902439
10,0.1363636364,0.1219512195
15,0.1437632135,0.06504065041
20,0.1205073996,0.2200794101
25,0.1038961039,0.2701688555