,AAVE,Midlands
0.9,0.6938775510204082,0.09302325581395349
0.8,0.75,0.12195121951219512
0.7,0.7804878048780488,0.6511627906976745
0.6,0.8387096774193549,0.9666666666666667
0.5,1.0,1.0
,,
Original,0.6530612245,0.1627906977
,,
Differences,,
0.9,0.04081632653,-0.06976744186
0.8,0.09693877551,-0.04083947816
0.7,0.1274265804,0.488372093
0.6,0.1856484529,0.803875969
0.5,0.3469387755,0.8372093023