,AAVE,Midlands
10,0.6739130434782609,0.23255813953488372
8,0.7674418604651163,0.2558139534883721
6,0.6888888888888889,0.32558139534883723
4,0.7441860465116279,0.3181818181818182
2,0.813953488372093,0.5227272727272727
,,
Original,0.6530612245,0.1627906977
,,
Differences,,
10,0.02085181899,0.06976744186
8,0.114380636,0.09302325581
6,0.0358276644,0.1627906977
4,0.09112482202,0.1553911205
2,0.1608922639,0.3599365751