,AAVE,Midlands
900,0.9090909090909091,0.3953488372093023
800,0.8837209302325582,0.4883720930232558
700,0.926829268292683,0.6046511627906976
600,0.918918918918919,0.8048780487804879
500,0.8695652173913043,0.925
,,
Original,0.6530612245,0.1627906977
,,
Differences,,
900,0.2560296846,0.2325581395
800,0.2306597057,0.3255813953
700,0.2737680438,0.4418604651
600,0.2658576944,0.6420873511
500,0.2165039929,0.7622093023