,AAVE,Midlands
0.05,0.6938775510204082,0.5348837209302325
0.04,0.673469387755102,0.5581395348837209
0.03,0.723404255319149,0.5813953488372093
0.02,0.717391304347826,0.5609756097560976
0.01,0.574468085106383,0.717948717948718
,,
Original,0.6530612245,0.1627906977
,,
Differences,,
0.05,0.04081632653,0.3720930233
0.04,0.02040816327,0.3953488372
0.03,0.07034303083,0.4186046512
0.02,0.06433007986,0.3981849121
0.01,-0.07859313938,0.5551580203