,Midlands,Nigeria
10,0.16279069767441862,0.2682926829268293
20,0.06976744186046512,0.40476190476190477
30,0.16279069767441862,0.30952380952380953
40,0.21428571428571427,0.30952380952380953
50,0.20930232558139536,0.35714285714285715
,,
Original,0.09090909091,0.2380952381
,,
Differences,,
10,0.07188160677,0.03019744483
20,-0.02114164905,0.1666666667
30,0.07188160677,0.07142857143
40,0.1233766234,0.07142857143
50,0.1183932347,0.119047619