,Midlands,NIgeria
5,0.09302325581395349,0.2619047619047619
10,0.13953488372093023,0.34146341463414637
15,0.11627906976744186,0.4146341463414634
20,0.20930232558139536,0.4883720930232558
25,0.16279069767441862,0.35714285714285715
,,
Original,0.09090909091,0.2380952381
,,
Differences,,
5,0.002114164905,0.02380952381
10,0.04862579281,0.1033681765
15,0.02536997886,0.1765389082
20,0.1183932347,0.2502768549
25,0.07188160677,0.119047619