,Midlands,NIgeria
0.9,0.06976744186046512,0.2619047619047619
0.8,0.20930232558139536,0.3488372093023256
0.7,0.38636363636363635,0.35714285714285715
0.6,0.7333333333333333,0.7241379310344828
0.5,0.9444444444444444,0.9444444444444444
,,
Original,0.09090909091,0.2380952381
,,
Differences,,
0.9,-0.02114164905,0.02380952381
0.8,0.1183932347,0.1107419712
0.7,0.2954545455,0.119047619
0.6,0.6424242424,0.4860426929
0.5,0.8535353535,0.7063492063