,Midlands,Nigeria
900,0.06976744186046512,0.20930232558139536
800,0.09302325581395349,0.32558139534883723
700,0.13953488372093023,0.3953488372093023
600,0.2857142857142857,0.4888888888888889
500,0.2619047619047619,0.40476190476190477
,,
Original,0.09090909091,0.2380952381
,,
Differences,,
900,-0.02114164905,-0.02879291251
800,0.002114164905,0.08748615725
700,0.04862579281,0.1572535991
600,0.1948051948,0.2507936508
500,0.170995671,0.1666666667