,AAVE,Midlands
0.9,0.7083333333333334,0.06976744186046512
0.8,0.8431372549019608,0.16279069767441862
0.7,0.7,0.6363636363636364
0.6,1.0,0.92
0.5,1.0,1.0
,,
Original,0.7,0.1818181818
,,
Differences,,
0.9,0.008333333333,-0.11205074
0.8,0.1431372549,-0.01902748414
0.7,0,0.4545454545
0.6,0.3,0.7381818182
0.5,0.3,0.8181818182