,AAVE,Midlands
500,0.55,0.06976744186046512
600,0.42105263157894735,0.046511627906976744
700,0.6470588235294118,0.06976744186046512
800,0.8571428571428571,0.13953488372093023
900,0.8571428571428571,0.19047619047619047
,,
Original,0.7,0.1818181818
,,
Differences,,
500,-0.15,-0.11205074
600,-0.2789473684,-0.1353065539
700,-0.05294117647,-0.11205074
800,0.1571428571,-0.0422832981
900,0.1571428571,0.008658008658