,AAVE,Midlands
2,0.7058823529411765,0.22727272727272727
0.5,0.7083333333333334,0.046511627906976744
0.4,0.673469387755102,0.046511627906976744
0.3,0.6530612244897959,0.046511627906976744
0.2,0.6585365853658537,0.046511627906976744
0.1,0.71875,0.06976744186046512
,,
Original,0.7,0.1818181818
,,
Differences,,
2,0.005882352941,0.04545454545
0.5,0.008333333333,-0.1353065539
0.4,-0.02653061224,-0.1353065539
0.3,-0.04693877551,-0.1353065539
0.2,-0.04146341463,-0.1353065539
0.1,0.01875,-0.11205074