,AAVE,Midlands
10,0.7307692307692307,0.16279069767441862
20,0.5416666666666666,0.09302325581395349
30,0.6842105263157895,0.3111111111111111
40,0.6410256410256411,0.32558139534883723
50,0.6666666666666666,0.5
,,
Original,0.7,0.1818181818
,,
Differences,,
10,0.03076923077,-0.01902748414
20,-0.1583333333,-0.088794926
30,-0.01578947368,0.1292929293
40,-0.05897435897,0.1437632135
50,-0.03333333333,0.3181818182