,AAVE,Midlands
5,0.7083333333333334,0.046511627906976744
10,0.7209302325581395,0.3181818181818182
15,0.7441860465116279,0.32558139534883723
20,0.8285714285714286,0.3023255813953488
25,0.7567567567567568,0.2857142857142857
,,
Original,0.7,0.1818181818
,,
Differences,,
5,0.008333333333,-0.1353065539
10,0.02093023256,0.1363636364
15,0.04418604651,0.1437632135
20,0.1285714286,0.1205073996
25,0.05675675676,0.1038961039