,Male,Female
0.9,0.0,0.0625
0.8,0.061855670103092786,0.052083333333333336
0.7,0.5555555555555556,0.21875
0.6,1.0,0.5578947368421052
0.5,1.0,1.0
,,
Original,0,0.04166666667
,,
Differences,,
0.9,0,0.02083333333
0.8,0.0618556701,0.01041666667
0.7,0.5555555556,0.1770833333
0.6,1,0.5162280702
0.5,1,0.9583333333