,Male,Female
900,0.041666666666666664,0.10752688172043011
800,0.0625,0.16129032258064516
700,0.10416666666666667,0.23333333333333334
600,0.16666666666666666,0.30337078651685395
500,0.25,0.475
,,
Original,0,0.04166666667
,,
Differences,,
900,0.04166666667,0.06586021505
800,0.0625,0.1196236559
700,0.1041666667,0.1916666667
600,0.1666666667,0.2617041199
500,0.25,0.4333333333