,Male,Female
5,0.0,0.07291666666666667
10,0.03125,0.125
15,0.041666666666666664,0.11458333333333333
20,0.0625,0.11458333333333333
25,0.0625,0.16494845360824742
,,
Original,0,0.04166666667
,,
Differences,,
5,0,0.03125
10,0.03125,0.08333333333
15,0.04166666667,0.07291666667
20,0.0625,0.07291666667
25,0.0625,0.1232817869