,Male,Female
0.05,0.0,0.052083333333333336
0.04,0.0,0.08333333333333333
0.03,0.010416666666666666,0.09375
0.02,0.052083333333333336,0.11458333333333333
0.01,0.1134020618556701,0.3958333333333333
,,
Original,0,0.04166666667
,,
Differences,,
0.05,0,0.01041666667
0.04,0,0.04166666667
0.03,0.01041666667,0.05208333333
0.02,0.05208333333,0.07291666667
0.01,0.1134020619,0.3541666667