,Male,Female
10,0.052083333333333336,0.11458333333333333
8,0.041666666666666664,0.09375
6,0.0625,0.09473684210526316
4,0.08333333333333333,0.1595744680851064
2,0.07291666666666667,0.12631578947368421
,,
Original,0,0.04166666667
,,
Differences,,
10,0.05208333333,0.07291666667
8,0.04166666667,0.05208333333
6,0.0625,0.05307017544
4,0.08333333333,0.1179078014
2,0.07291666667,0.08464912281