,Midlands,NIgeria
0.9,0.09302325581395349,0.3409090909090909
0.8,0.12195121951219512,0.5
0.7,0.6511627906976745,0.6744186046511628
0.6,0.9666666666666667,0.7857142857142857
0.5,1.0,0.9583333333333334
,,
Original,0.1627906977,0.2619047619
,,
Differences,,
0.9,-0.06976744186,0.079004329
0.8,-0.04083947816,0.2380952381
0.7,0.488372093,0.4125138427
0.6,0.803875969,0.5238095238
0.5,0.8372093023,0.6964285714