,Midlands,Nigeria
10,0.17073170731707318,0.3333333333333333
20,0.11627906976744186,0.46511627906976744
30,0.3111111111111111,0.4418604651162791
40,0.3023255813953488,0.36363636363636365
50,0.5208333333333334,0.3333333333333333
,,
Original,0.1627906977,0.2619047619
,,
Differences,,
10,0.007941009643,0.07142857143
20,-0.04651162791,0.2032115172
30,0.1483204134,0.1799557032
40,0.1395348837,0.1017316017
50,0.3580426357,0.07142857143