,AAVE,Midlands
0.05,0.5306122448979592,0.37209302325581395
0.04,0.54,0.3953488372093023
0.03,0.5106382978723404,0.3953488372093023
0.02,0.5217391304347826,0.5609756097560976
0.01,0.5531914893617021,0.8205128205128205
,,
Original,0.5094339623,0.09090909091
,,
Differences,,
0.05,0.02117828263,0.2811839323
0.04,0.03056603774,0.3044397463
0.03,0.001204335608,0.3044397463
0.02,0.01230516817,0.4700665188
0.01,0.0437575271,0.7296037296