,AAVE,Midlands
0.9,0.44,0.06976744186046512
0.8,0.6041666666666666,0.20930232558139536
0.7,0.6666666666666666,0.38636363636363635
0.6,0.9285714285714286,0.7333333333333333
0.5,0.8571428571428571,0.9444444444444444
,,
Original,0.5094339623,0.09090909091
,,
Differences,,
0.9,-0.06943396226,-0.02114164905
0.8,0.0947327044,0.1183932347
0.7,0.1572327044,0.2954545455
0.6,0.4191374663,0.6424242424
0.5,0.3477088949,0.8535353535