,AAVE,Midlands
10,0.5490196078431373,0.16279069767441862
20,0.5510204081632653,0.06976744186046512
30,0.5555555555555556,0.16279069767441862
40,0.6511627906976745,0.21428571428571427
50,0.6744186046511628,0.20930232558139536
,,
Original,0.5094339623,0.09090909091
,,
Differences,,
10,0.03958564558,0.07188160677
20,0.0415864459,-0.02114164905
30,0.04612159329,0.07188160677
40,0.1417288284,0.1233766234
50,0.1649846424,0.1183932347