,AAVE,Midlands
900,0.5,0.06976744186046512
800,0.48936170212765956,0.09302325581395349
700,0.4883720930232558,0.13953488372093023
600,0.5869565217391305,0.2857142857142857
500,0.775,0.2619047619047619
,,
Original,0.5094339623,0.09090909091
,,
Differences,,
900,-0.009433962264,-0.02114164905
800,-0.02007226014,0.002114164905
700,-0.02106186924,0.04862579281
600,0.07752255947,0.1948051948
500,0.2655660377,0.170995671