,AAVE,Midlands
500,0.7659574468085106,0.13953488372093023
600,0.7441860465116279,0.09302325581395349
700,0.8421052631578947,0.06976744186046512
800,0.9393939393939394,0.16279069767441862
900,0.9310344827586207,0.16279069767441862
,,
Original,0.5094339623,0.09090909091
,,
Differences,,
500,0.2565234845,0.04862579281
600,0.2347520842,0.002114164905
700,0.3326713009,-0.02114164905
800,0.4299599771,0.07188160677
900,0.4216005205,0.07188160677