,AAVE,Midlands
5,0.6530612244897959,0.09302325581395349
10,0.4897959183673469,0.13953488372093023
15,0.5777777777777777,0.11627906976744186
20,0.5714285714285714,0.20930232558139536
25,0.55,0.16279069767441862
,,
Original,0.5094339623,0.09090909091
,,
Differences,,
5,0.1436272622,0.002114164905
10,-0.0196380439,0.04862579281
15,0.06834381551,0.02536997886
20,0.06199460916,0.1183932347
25,0.04056603774,0.07188160677