,Midlands,Nigeria
500,0.13953488372093023,0.23809523809523808
600,0.09302325581395349,0.2926829268292683
700,0.06976744186046512,0.36585365853658536
800,0.16279069767441862,0.4878048780487805
900,0.16279069767441862,0.5121951219512195
,,
Original,0.09090909091,0.2380952381
,,
Differences,,
500,0.04862579281,0
600,0.002114164905,0.05458768873
700,-0.02114164905,0.1277584204
800,0.07188160677,0.24970964
900,0.07188160677,0.2740998839