,Midlands,Nigeria
0.05,0.37209302325581395,0.40476190476190477
0.04,0.3953488372093023,0.2857142857142857
0.03,0.3953488372093023,0.35714285714285715
0.02,0.5609756097560976,0.35714285714285715
0.01,0.8205128205128205,0.717948717948718
,,
Original,0.09090909091,0.2380952381
,,
Differences,,
0.05,0.2811839323,0.1666666667
0.04,0.3044397463,0.04761904762
0.03,0.3044397463,0.119047619
0.02,0.4700665188,0.119047619
0.01,0.7296037296,0.4798534799