,Midlands,Nigeria
10,0.09302325581395349,0.3953488372093023
8,0.13953488372093023,0.5
6,0.16279069767441862,0.5
4,0.13636363636363635,0.45454545454545453
2,0.25,0.5227272727272727
,,
Original,0.09090909091,0.2380952381
,,
Differences,,
10,0.002114164905,0.1572535991
8,0.04862579281,0.2619047619
6,0.07188160677,0.2619047619
4,0.04545454545,0.2164502165
2,0.1590909091,0.2846320346