,AAVE,Midlands
10,0.5625,0.17073170731707318
20,0.5853658536585366,0.11627906976744186
30,0.75,0.3111111111111111
40,0.5681818181818182,0.3023255813953488
50,0.6818181818181818,0.5208333333333334
,,
Original,0.6530612245,0.1627906977
,,
Differences,,
10,-0.09056122449,0.007941009643
20,-0.06769537083,-0.04651162791
30,0.09693877551,0.1483204134
40,-0.08487940631,0.1395348837
50,0.02875695733,0.3580426357