,AAVE,Midlands
500,0.723404255319149,0.09302325581395349
600,0.7441860465116279,0.09302325581395349
700,0.7105263157894737,0.13953488372093023
800,0.696969696969697,0.13953488372093023
900,0.6551724137931034,0.18604651162790697
,,
Original,0.6530612245,0.1627906977
,,
Differences,,
500,0.07034303083,-0.06976744186
600,0.09112482202,-0.06976744186
700,0.0574650913,-0.02325581395
800,0.04390847248,-0.02325581395
900,0.002111189303,0.02325581395