,AAVE,Midlands
5,0.5777777777777777,0.09302325581395349
10,0.6222222222222222,0.2727272727272727
15,0.65,0.3023255813953488
20,0.8205128205128205,0.21428571428571427
25,0.7073170731707317,0.27906976744186046
,,
Original,0.6530612245,0.1627906977
,,
Differences,,
5,-0.07528344671,-0.06976744186
10,-0.03083900227,0.1099365751
15,-0.00306122449,0.1395348837
20,0.167451596,0.05149501661
25,0.05425584868,0.1162790698