,Midlands,Nigeria
500,0.06976744186046512,0.2926829268292683
600,0.046511627906976744,0.3333333333333333
700,0.06976744186046512,0.4358974358974359
800,0.13953488372093023,0.4444444444444444
900,0.19047619047619047,0.5
,,
Original,0.1818181818,0.2682926829
,,
Differences,,
500,-0.11205074,0.0243902439
600,-0.1353065539,0.06504065041
700,-0.11205074,0.167604753
800,-0.0422832981,0.1761517615
900,0.008658008658,0.2317073171