,Midlands,Nigeria
10,0.2558139534883721,0.5116279069767442
8,0.27906976744186046,0.5348837209302325
6,0.3333333333333333,0.6428571428571429
4,0.3181818181818182,0.6585365853658537
2,0.5116279069767442,0.5365853658536586
,,
Original,0.1818181818,0.2682926829
,,
Differences,,
10,0.07399577167,0.243335224
8,0.09725158562,0.266591038
6,0.1515151515,0.3745644599
4,0.1363636364,0.3902439024
2,0.3298097252,0.2682926829