,AAVE,Midlands
900,0.9047619047619048,0.35714285714285715
800,0.8837209302325582,0.47619047619047616
700,0.9302325581395349,0.6428571428571429
600,0.9318181818181818,0.7804878048780488
500,0.925,0.9285714285714286
,,
Original,0.7,0.1818181818
,,
Differences,,
900,0.2047619048,0.1753246753
800,0.1837209302,0.2943722944
700,0.2302325581,0.461038961
600,0.2318181818,0.5986696231
500,0.225,0.7467532468