,AAVE,Midlands
0.05,0.6808510638297872,0.47368421052631576
0.04,0.6458333333333334,0.5263157894736842
0.03,0.6888888888888889,0.5526315789473685
0.02,0.7391304347826086,0.6666666666666666
0.01,0.7560975609756098,0.7142857142857143
,,
Original,0.7,0.1818181818
,,
Differences,,
0.05,-0.01914893617,0.2918660287
0.04,-0.05416666667,0.3444976077
0.03,-0.01111111111,0.3708133971
0.02,0.03913043478,0.4848484848
0.01,0.05609756098,0.5324675325