,AAVE,Midlands
10,0.6956521739130435,0.2558139534883721
8,0.8409090909090909,0.27906976744186046
6,0.6976744186046512,0.3333333333333333
4,0.775,0.3181818181818182
2,0.8157894736842105,0.5116279069767442
,,
Original,0.7,0.1818181818
,,
Differences,,
10,-0.004347826087,0.07399577167
8,0.1409090909,0.09725158562
6,-0.002325581395,0.1515151515
4,0.075,0.1363636364
2,0.1157894737,0.3298097252