,Male,Female
10,0.020833333333333332,0.09375
20,0.0,0.052083333333333336
30,0.0,0.052083333333333336
40,0.05263157894736842,0.1134020618556701
50,0.0625,0.14583333333333334
,,
Original,0,0.04166666667
,,
Differences,,
10,0.02083333333,0.05208333333
20,0,0.01041666667
30,0,0.01041666667
40,0.05263157895,0.07173539519
50,0.0625,0.1041666667