,AAVE,Midlands
10,0.5555555555555556,0.09302325581395349
8,0.4782608695652174,0.13953488372093023
6,0.5348837209302325,0.16279069767441862
4,0.625,0.13636363636363635
2,0.6363636363636364,0.25
,,
Original,0.5094339623,0.09090909091
,,
Differences,,
10,0.04612159329,0.002114164905
8,-0.0311730927,0.04862579281
6,0.02544975867,0.07188160677
4,0.1155660377,0.04545454545
2,0.1269296741,0.1590909091