,Male,Female
2,0.010416666666666666,0.052083333333333336
0.5,0.020833333333333332,0.125
0.4,0.0,0.11458333333333333
0.3,0.020833333333333332,0.11458333333333333
0.2,0.010416666666666666,0.15625
0.1,0.020833333333333332,0.1702127659574468
,,
Original,0,0.04166666667
,,
Differences,,
2,0.01041666667,0.01041666667
0.5,0.02083333333,0.08333333333
0.4,0,0.07291666667
0.3,0.02083333333,0.07291666667
0.2,0.01041666667,0.1145833333
0.1,0.02083333333,0.1285460993