,Male,Female
500,0.041666666666666664,0.13541666666666666
600,0.0625,0.17708333333333334
700,0.125,0.20833333333333334
800,0.21875,0.3229166666666667
900,0.42105263157894735,0.3229166666666667
,,
Original,0,0.04166666667
,,
Differences,,
500,0.04166666667,0.09375
600,0.0625,0.1354166667
700,0.125,0.1666666667
800,0.21875,0.28125
900,0.4210526316,0.28125