,Male,Female
500,0.08333333333333333,0.1368421052631579
600,0.10526315789473684,0.23157894736842105
700,0.17894736842105263,0.2717391304347826
800,0.30851063829787234,0.4444444444444444
900,0.5632183908045977,0.45348837209302323
,,
Original,0,0.03157894737
,,
Differences,,
500,0.08333333333,0.1052631579
600,0.1052631579,0.2
700,0.1789473684,0.2401601831
800,0.3085106383,0.4128654971
900,0.5632183908,0.4219094247