,Male,Female
900,0.4583333333333333,0.5494505494505495
800,0.4895833333333333,0.7666666666666667
700,0.6145833333333334,0.9550561797752809
600,0.6458333333333334,0.9770114942528736
500,0.8105263157894737,0.9743589743589743
,,
Original,0,0.03157894737
,,
Differences,,
900,0.4583333333,0.5178716021
800,0.4895833333,0.7350877193
700,0.6145833333,0.9234772324
600,0.6458333333,0.9454325469
500,0.8105263158,0.942780027