,Male,Female
2,0.010416666666666666,0.042105263157894736
0.5,0.020833333333333332,0.09574468085106383
0.4,0.0,0.0851063829787234
0.3,0.041666666666666664,0.13829787234042554
0.2,0.0625,0.22340425531914893
0.1,0.21875,0.2558139534883721
,,
Original,0,0.03157894737
,,
Differences,,
2,0.01041666667,0.01052631579
0.5,0.02083333333,0.06416573348
0.4,0,0.05352743561
0.3,0.04166666667,0.106718925
0.2,0.0625,0.191825308
0.1,0.21875,0.2242350061