,Male,Female
2,0.0,0.020833333333333332
0.5,0.0,0.041666666666666664
0.4,0.0,0.041666666666666664
0.3,0.020833333333333332,0.09375
0.2,0.052083333333333336,0.13541666666666666
0.1,0.19791666666666666,0.2608695652173913
,,
Original,0,0.02083333333
,,
Differences,,
2,0,0
0.5,0,0.02083333333
0.4,0,0.02083333333
0.3,0.02083333333,0.07291666667
0.2,0.05208333333,0.1145833333
0.1,0.1979166667,0.2400362319