,Male,Female
10,0.041666666666666664,0.10309278350515463
8,0.07216494845360824,0.10416666666666667
6,0.041666666666666664,0.16842105263157894
4,0.07291666666666667,0.19148936170212766
2,0.09375,0.2978723404255319
,,
Original,0,0.02083333333
,,
Differences,,
10,0.04166666667,0.08225945017
8,0.07216494845,0.08333333333
6,0.04166666667,0.1475877193
4,0.07291666667,0.1706560284
2,0.09375,0.2770390071