,Male,Female
10,0.0,0.020833333333333332
20,0.020833333333333332,0.08333333333333333
30,0.0,0.052083333333333336
40,0.05263157894736842,0.07291666666666667
50,0.07291666666666667,0.07291666666666667
,,
Original,0,0.02083333333
,,
Differences,,
10,0,0
20,0.02083333333,0.0625
30,0,0.03125
40,0.05263157895,0.05208333333
50,0.07291666667,0.05208333333