,Male,Female
900,0.4479166666666667,0.5543478260869565
800,0.4895833333333333,0.7613636363636364
700,0.6105263157894737,0.95
600,0.6421052631578947,0.9743589743589743
500,0.8085106382978723,0.9661016949152542
,,
Original,0,0.02083333333
,,
Differences,,
900,0.4479166667,0.5335144928
800,0.4895833333,0.740530303
700,0.6105263158,0.9291666667
600,0.6421052632,0.953525641
500,0.8085106383,0.9452683616