,Male,Female
5,0.0,0.020833333333333332
10,0.010416666666666666,0.0625
15,0.041666666666666664,0.125
20,0.11458333333333333,0.2
25,0.15625,0.25
,,
Original,0,0.02083333333
,,
Differences,,
5,0,0
10,0.01041666667,0.04166666667
15,0.04166666667,0.1041666667
20,0.1145833333,0.1791666667
25,0.15625,0.2291666667