,Male,Female
0.05,0.0,0.020833333333333332
0.04,0.0,0.020833333333333332
0.03,0.0,0.07291666666666667
0.02,0.0,0.11458333333333333
0.01,0.020833333333333332,0.2708333333333333
,,
Original,0,0.02083333333
,,
Differences,,
0.05,0,0
0.04,0,0
0.03,0,0.05208333333
0.02,0,0.09375
0.01,0.02083333333,0.25