,Male,Female
500,0.041666666666666664,0.041666666666666664
600,0.07291666666666667,0.08333333333333333
700,0.09375,0.17708333333333334
800,0.13541666666666666,0.28125
900,0.3541666666666667,0.3645833333333333
,,
Original,0,0.02083333333
,,
Differences,,
500,0.04166666667,0.02083333333
600,0.07291666667,0.0625
700,0.09375,0.15625
800,0.1354166667,0.2604166667
900,0.3541666667,0.34375