,Male,Female
0.9,0.0,0.020833333333333332
0.8,0.0625,0.010416666666666666
0.7,0.7551020408163265,0.16666666666666666
0.6,0.9746835443037974,0.7978723404255319
0.5,0.9393939393939394,0.9705882352941176
,,
Original,0,0.02083333333
,,
Differences,,
0.9,0,0
0.8,0.0625,-0.01041666667
0.7,0.7551020408,0.1458333333
0.6,0.9746835443,0.7770390071
0.5,0.9393939394,0.949754902