,Midlands,Nigeria
10,0.23255813953488372,0.4090909090909091
8,0.2558139534883721,0.5
6,0.32558139534883723,0.4772727272727273
4,0.3181818181818182,0.4418604651162791
2,0.5227272727272727,0.5111111111111111
,,
Original,0.1627906977,0.2619047619
,,
Differences,,
10,0.06976744186,0.1471861472
8,0.09302325581,0.2380952381
6,0.1627906977,0.2153679654
4,0.1553911205,0.1799557032
2,0.3599365751,0.2492063492