,Midlands,Nigeria
0.05,0.5348837209302325,0.2857142857142857
0.04,0.5581395348837209,0.2857142857142857
0.03,0.5813953488372093,0.4222222222222222
0.02,0.5609756097560976,0.38095238095238093
0.01,0.717948717948718,0.8974358974358975
,,
Original,0.1627906977,0.2619047619
,,
Differences,,
0.05,0.3720930233,0.02380952381
0.04,0.3953488372,0.02380952381
0.03,0.4186046512,0.1603174603
0.02,0.3981849121,0.119047619
0.01,0.5551580203,0.6355311355