,Midlands,Nigeria
900,0.3953488372093023,0.7441860465116279
800,0.4883720930232558,0.813953488372093
700,0.6046511627906976,0.9069767441860465
600,0.8048780487804879,0.9302325581395349
500,0.925,0.9523809523809523
,,
Original,0.1627906977,0.2619047619
,,
Differences,,
900,0.2325581395,0.4822812846
800,0.3255813953,0.5520487265
700,0.4418604651,0.6450719823
600,0.6420873511,0.6683277962
500,0.7622093023,0.6904761905