,Midlands,Nigeria
500,0.09302325581395349,0.35714285714285715
600,0.09302325581395349,0.3333333333333333
700,0.13953488372093023,0.46511627906976744
800,0.13953488372093023,0.4878048780487805
900,0.18604651162790697,0.4878048780487805
,,
Original,0.1627906977,0.2619047619
,,
Differences,,
500,-0.06976744186,0.09523809524
600,-0.06976744186,0.07142857143
700,-0.02325581395,0.2032115172
800,-0.02325581395,0.2259001161
900,0.02325581395,0.2259001161