,Midlands,NIgeria
5,0.09302325581395349,0.35714285714285715
10,0.2727272727272727,0.40476190476190477
15,0.3023255813953488,0.3902439024390244
20,0.21428571428571427,0.5681818181818182
25,0.27906976744186046,0.4883720930232558
,,
Original,0.1627906977,0.2619047619
,,
Differences,,
5,-0.06976744186,0.09523809524
10,0.1099365751,0.1428571429
15,0.1395348837,0.1283391405
20,0.05149501661,0.3062770563
25,0.1162790698,0.2264673311